เว็บไซต์ของส่วนงาน(คณะ/วิทยาลัย/สำนัก),URL ของเว็บไซต์
"กองเทคโนโลยีสารสนเทศ","108.61.135.71"
"กองเทคโนโลยีสารสนเทศ","2.ntp.kku.ac.th"
"กองเทคโนโลยีสารสนเทศ","202.12.97.214"
"กองเทคโนโลยีสารสนเทศ","202.28.116.150"
"กองเทคโนโลยีสารสนเทศ","202.28.118.135"
"กองเทคโนโลยีสารสนเทศ","202.28.118.140"
"กองเทคโนโลยีสารสนเทศ","202.28.118.200"
"กองเทคโนโลยีสารสนเทศ","202.28.118.201"
"กองเทคโนโลยีสารสนเทศ","202.28.118.219"
"กองเทคโนโลยีสารสนเทศ","202.28.118.230"
"กองเทคโนโลยีสารสนเทศ","202.28.118.236"
"กองเทคโนโลยีสารสนเทศ","202.28.55.190"
"คณะเทคนิคการแพทย์","202.28.92.155"
"กองเทคโนโลยีสารสนเทศ","202.28.92.172"
"กองเทคโนโลยีสารสนเทศ","202.28.92.173"
"กองเทคโนโลยีสารสนเทศ","202.28.92.176"
"กองเทคโนโลยีสารสนเทศ","202.28.92.184"
"กองเทคโนโลยีสารสนเทศ","202.28.93.199"
"กองเทคโนโลยีสารสนเทศ","202.28.93.225"
"กองเทคโนโลยีสารสนเทศ","202.28.93.226"
"กองเทคโนโลยีสารสนเทศ","202.28.93.227"
"กองเทคโนโลยีสารสนเทศ","202.28.93.230"
"กองเทคโนโลยีสารสนเทศ","202.28.93.240"
"กองเทคโนโลยีสารสนเทศ","202.28.93.3"
"กองเทคโนโลยีสารสนเทศ","202.28.93.64"
"กองเทคโนโลยีสารสนเทศ","202.28.93.65"
"กองเทคโนโลยีสารสนเทศ","202.28.94.177"
"กองเทคโนโลยีสารสนเทศ","202.28.94.189"
"กองเทคโนโลยีสารสนเทศ","202.28.94.191"
"กองเทคโนโลยีสารสนเทศ","202.28.94.209"
"กองเทคโนโลยีสารสนเทศ","202.28.95.174"
"กองเทคโนโลยีสารสนเทศ","202.28.95.223"
"กองเทคโนโลยีสารสนเทศ","202.28.95.46"
"กองเทคโนโลยีสารสนเทศ","202.29.227.62"
"กองเทคโนโลยีสารสนเทศ","3.0.177.48"
"กองเทคโนโลยีสารสนเทศ","360.kku.ac.th"
"คณะเทคนิคการแพทย์","36ams.kku.ac.th"
"กองเทคโนโลยีสารสนเทศ","45.76.214.224"
"กองเทคโนโลยีสารสนเทศ","60.kku.ac.th"
"คณะศึกษาศาสตร์","acad-ed.kku.ac.th"
"คณะแพทยศาสตร์","acad.md.kku.ac.th"
"คณะแพทยศาสตร์","academed.kku.ac.th"
"กองบริหารงานวิชาการ","academic-document.kku.ac.th"
"กองบริหารงานวิชาการ","academy.kku.ac.th"
"คณะบริหารธุรกิจและการบัญชี","account.kku.ac.th"
"คณะบริหารธุรกิจและการบัญชี","accounts.kku.ac.th"
"กองเทคโนโลยีสารสนเทศ","acis.kku.ac.th"
"กองเทคโนโลยีสารสนเทศ","activerecruit.kku.ac.th"
"คณะบริหารธุรกิจและการบัญชี","admin-kkbsalumni.kku.ac.th"
"บัณฑิตวิทยาลัย","admission.gs.kku.ac.th"
"คณะแพทยศาสตร์","admission.md.kku.ac.th"
"สำนักบริหารและพัฒนาวิชาการ","admissions.kku.ac.th"
"คณะแพทยศาสตร์","adult-infect.kku.ac.th"
"คณะวิศวกรรมศาสตร์","ae.kku.ac.th"
"กองเทคโนโลยีสารสนเทศ","aelt.kku.ac.th"
"กองเทคโนโลยีสารสนเทศ","aerd.kku.ac.th"
"คณะเกษตรศาสตร์","ag.kku.ac.th"
"คณะเกษตรศาสตร์","ag13.kku.ac.th"
"คณะเกษตรศาสตร์","ag2.kku.ac.th"
"คณะเกษตรศาสตร์","ag5.kku.ac.th"
"คณะเกษตรศาสตร์","ag6.kku.ac.th"
"คณะเกษตรศาสตร์","agfair68.kku.ac.th"
"คณะเกษตรศาสตร์","ags.kku.ac.th"
"กองเทคโนโลยีสารสนเทศ","ai.kku.ac.th"
"กองเทคโนโลยีสารสนเทศ","aidskku.kku.ac.th"
"กองเทคโนโลยีสารสนเทศ","aiimi.kku.ac.th"
"กองเทคโนโลยีสารสนเทศ","airflow.kku.ac.th"
"กองเทคโนโลยีสารสนเทศ","airmax.kku.ac.th"
"กองเทคโนโลยีสารสนเทศ","airtime.kku.ac.th"
"กองพัฒนานักศึกษาและศิษย์เก่าสัมพันธ์","alumniar.kku.ac.th"
"คณะเทคนิคการแพทย์","ams.kku.ac.th"
"คณะเทคนิคการแพทย์","amsalumni.kku.ac.th"
"คณะเทคนิคการแพทย์","amsapp.kku.ac.th"
"คณะเทคนิคการแพทย์","amsapplication.kku.ac.th"
"คณะเทคนิคการแพทย์","amsclinic.kku.ac.th"
"คณะเทคนิคการแพทย์","amsoffice.kku.ac.th"
"คณะเทคนิคการแพทย์","amsx.kku.ac.th"
"คณะวิทยาศาสตร์","ansci.kku.ac.th"
"กองเทคโนโลยีสารสนเทศ","ant.cs.kku.ac.th"
"กองเทคโนโลยีสารสนเทศ","antidrug.kku.ac.th"
"คณะสถาปัตยกรรมศาสตร์","ap.kku.ac.th"
"กองเทคโนโลยีสารสนเทศ","apds.kku.ac.th"
"สำนักบริหารและพัฒนาวิชาการ","api-reg.cashless.kku.ac.th"
"กองคลัง","api.cashless.kku.ac.th"
"วิทยาลัยการคอมพิวเตอร์","api.computing.kku.ac.th"
"กองทรัพยากรบุคคล","api.hr.kku.ac.th"
"คณะสหวิทยาการ มข. (หนองคาย)","api.is.kku.ac.th"
"กองเทคโนโลยีสารสนเทศ","api.kku.ac.th"
"สำนักบริหารและพัฒนาวิชาการ","api.netsat.kku.ac.th"
"คณะเกษตรศาสตร์","apilampaofishsmf.kku.ac.th"
"กองเทคโนโลยีสารสนเทศ","apiplantfactorysmf.kku.ac.th"
"กองเทคโนโลยีสารสนเทศ","apis.kku.ac.th"
"กองเทคโนโลยีสารสนเทศ","app-reserve.kku.ac.th"
"คณะวิศวกรรมศาสตร์","app.enit.kku.ac.th"
"คณะสหวิทยาการ มข. (หนองคาย)","app.is.kku.ac.th"
"กองเทคโนโลยีสารสนเทศ","app.kku.ac.th"
"วิทยาลัยการคอมพิวเตอร์","appcp.computing.kku.ac.th"
"สำนักบริหารและพัฒนาวิชาการ","apply-ic.kku.ac.th"
"สำนักบริหารและพัฒนาวิชาการ","apply.kku.ac.th"
"สำนักบริหารและพัฒนาวิชาการ","apps.admissions.kku.ac.th"
"คณะศึกษาศาสตร์","apps.edux.kku.ac.th"
"กองเทคโนโลยีสารสนเทศ","apps.kku.ac.th"
"กองบริหารงานวิชาการ","apps.lms.academy.kku.ac.th"
"กองเทคโนโลยีสารสนเทศ","apps.readymooc.kku.ac.th"
"คณะวิทยาศาสตร์","apps.sc.kku.ac.th"
"คณะสถาปัตยกรรมศาสตร์","arch.kku.ac.th"
"คณะสถาปัตยกรรมศาสตร์","archapp.kku.ac.th"
"คณะสถาปัตยกรรมศาสตร์","architservice.kku.ac.th"
"กองเทคโนโลยีสารสนเทศ","archive.kku.ac.th"
"คณะสถาปัตยกรรมศาสตร์","arthesis.kku.ac.th"
"กองเทคโนโลยีสารสนเทศ","asms.kku.ac.th"
"กองเทคโนโลยีสารสนเทศ","asset.kku.ac.th"
"กองเทคโนโลยีสารสนเทศ","assets-it.kku.ac.th"
"คณะบริหารธุรกิจและการบัญชี","assetskkbs.kku.ac.th"
"คณะแพทยศาสตร์","asthma.kku.ac.th"
"กองพัฒนานักศึกษาและศิษย์เก่าสัมพันธ์","athletepass.kku.ac.th"
"กองเทคโนโลยีสารสนเทศ","authen.en.kku.ac.th"
"คณะศึกษาศาสตร์","avs.kku.ac.th"
"กองเทคโนโลยีสารสนเทศ","baadleave.kku.ac.th"
"กองเทคโนโลยีสารสนเทศ","backend.kku.ac.th"
"กองเทคโนโลยีสารสนเทศ","bayasita.kku.ac.th"
"กองเทคโนโลยีสารสนเทศ","bbhs.kku.ac.th"
"กองเทคโนโลยีสารสนเทศ","bee.kku.ac.th"
"กองทรัพยากรบุคคล","benefits.kku.ac.th"
"กองเทคโนโลยีสารสนเทศ","bi.kku.ac.th"
"คณะวิทยาศาสตร์","biobank.kku.ac.th"
"คณะแพทยศาสตร์","biochem-med.kku.ac.th"
"คณะวิทยาศาสตร์","biology.kku.ac.th"
"กองเทคโนโลยีสารสนเทศ","birdsofkku.kku.ac.th"
"กองเทคโนโลยีสารสนเทศ","bit.kku.ac.th"
"คณะแพทยศาสตร์","bloodbank.kku.ac.th"
"กองเทคโนโลยีสารสนเทศ","blynk.kku.ac.th"
"กองเทคโนโลยีสารสนเทศ","boonsup.kku.ac.th"
"กองเทคโนโลยีสารสนเทศ","box.kku.ac.th"
"กองเทคโนโลยีสารสนเทศ","btac.kku.ac.th"
"กองเทคโนโลยีสารสนเทศ","bucket.kku.ac.th"
"กองเทคโนโลยีสารสนเทศ","building.kku.ac.th"
"กองเทคโนโลยีสารสนเทศ","cac.kku.ac.th"
"กองเทคโนโลยีสารสนเทศ","cad.kku.ac.th"
"กองเทคโนโลยีสารสนเทศ","cafarsia.kku.ac.th"
"กองเทคโนโลยีสารสนเทศ","calendar.kku.ac.th"
"กองเทคโนโลยีสารสนเทศ","canvas.kku.ac.th"
"กองเทคโนโลยีสารสนเทศ","cas.kku.ac.th"
"คณะเกษตรศาสตร์","casc.kku.ac.th"
"กองเทคโนโลยีสารสนเทศ","cascap.kku.ac.th"
"กองคลัง","cashless.kku.ac.th"
"กองเทคโนโลยีสารสนเทศ","cc.kku.ac.th"
"กองเทคโนโลยีสารสนเทศ","ccahub.kku.ac.th"
"คณะทันตแพทยศาสตร์","cedent.kku.ac.th"
"คณะมนุษยศาสตร์และสังคมศาสตร์","celex.kku.ac.th"
"กองเทคโนโลยีสารสนเทศ","cesium.kku.ac.th"
"กองเทคโนโลยีสารสนเทศ","ceu.kku.ac.th"
"คณะมนุษยศาสตร์และสังคมศาสตร์","cgshuso.kku.ac.th"
"กองเทคโนโลยีสารสนเทศ","chart.kku.ac.th"
"กองเทคโนโลยีสารสนเทศ","chat.kku.ac.th"
"กองเทคโนโลยีสารสนเทศ","chd.kku.ac.th"
"คณะวิศวกรรมศาสตร์","checkin.enit.kku.ac.th"
"คณะวิทยาศาสตร์","chemistry.kku.ac.th"
"กองเทคโนโลยีสารสนเทศ","cheqa.kku.ac.th"
"กองทรัพยากรบุคคล","chrono.kku.ac.th"
"กองเทคโนโลยีสารสนเทศ","circular.kku.ac.th"
"กองเทคโนโลยีสารสนเทศ","cis.kku.ac.th"
"คณะแพทยศาสตร์","ckd-aqi.kku.ac.th"
"คณะมนุษยศาสตร์และสังคมศาสตร์","cle.kku.ac.th"
"กองเทคโนโลยีสารสนเทศ","click-lms.kku.ac.th"
"กองเทคโนโลยีสารสนเทศ","click.kku.ac.th"
"กองเทคโนโลยีสารสนเทศ","clickonce.kku.ac.th"
"กองเทคโนโลยีสารสนเทศ","clock.kku.ac.th"
"กองเทคโนโลยีสารสนเทศ","cloud-print.kku.ac.th"
"คณะเทคนิคการแพทย์","cmdl.kku.ac.th"
"วิทยาลัยการคอมพิวเตอร์","cms.computing.kku.ac.th"
"กองเทคโนโลยีสารสนเทศ","co-op.kku.ac.th"
"กองเทคโนโลยีสารสนเทศ","cola.kku.ac.th"
"สำนักหอสมุด","colib.kku.ac.th"
"คณะนิติศาสตร์","complaint-lawdivision.kku.ac.th"
"กองเทคโนโลยีสารสนเทศ","computer.kku.ac.th"
"วิทยาลัยการคอมพิวเตอร์","computing.kku.ac.th"
"กองเทคโนโลยีสารสนเทศ","conference.kku.ac.th"
"กองเทคโนโลยีสารสนเทศ","congratulations.kku.ac.th"
"กองเทคโนโลยีสารสนเทศ","containerssmf.kku.ac.th"
"คณะสาธารณสุขศาสตร์","coop-ph.kku.ac.th"
"สำนักงานสภามหาวิทยาลัย","council.kku.ac.th"
"สำนักงานสภามหาวิทยาลัย","counciltemp.kku.ac.th"
"กองเทคโนโลยีสารสนเทศ","creditbank.kku.ac.th"
"กองเทคโนโลยีสารสนเทศ","crme.kku.ac.th"
"กองเทคโนโลยีสารสนเทศ","cron.kku.ac.th"
"กองเทคโนโลยีสารสนเทศ","cscd.kku.ac.th"
"กองเทคโนโลยีสารสนเทศ","csnm.kku.ac.th"
"กองเทคโนโลยีสารสนเทศ","csperson.kku.ac.th"
"กองเทคโนโลยีสารสนเทศ","cstest.kku.ac.th"
"กองเทคโนโลยีสารสนเทศ","csweb.kku.ac.th"
"กองเทคโนโลยีสารสนเทศ","cufst.kku.ac.th"
"กองเทคโนโลยีสารสนเทศ","cune.kku.ac.th"
"สำนักบริหารและพัฒนาวิชาการ","curriculumportal.kku.ac.th"
"คณะเทคนิคการแพทย์","cvrg.kku.ac.th"
"กองบริหารงานวิชาการ","cwiear.kku.ac.th"
"กองเทคโนโลยีสารสนเทศ","damasac.kku.ac.th"
"กองเทคโนโลยีสารสนเทศ","dashboard.kku.ac.th"
"กองเทคโนโลยีสารสนเทศ","data.kku.ac.th"
"กองเทคโนโลยีสารสนเทศ","daycare.kku.ac.th"
"กองเทคโนโลยีสารสนเทศ","dcc-node.kku.ac.th"
"กองเทคโนโลยีสารสนเทศ","dcc.kku.ac.th"
"กองเทคโนโลยีสารสนเทศ","dce.kku.ac.th"
"กองเทคโนโลยีสารสนเทศ","dcert.kku.ac.th"
"กองเทคโนโลยีสารสนเทศ","ddp.kku.ac.th"
"กองเทคโนโลยีสารสนเทศ","de.kku.ac.th"
"กองเทคโนโลยีสารสนเทศ","dea.kku.ac.th"
"คณะวิศวกรรมศาสตร์","degas.en.kku.ac.th"
"กองเทคโนโลยีสารสนเทศ","demo.kku.ac.th"
"คณะทันตแพทยศาสตร์","dent-pms.kku.ac.th"
"คณะทันตแพทยศาสตร์","dent360.kku.ac.th"
"คณะทันตแพทยศาสตร์","dentfinance.kku.ac.th"
"คณะทันตแพทยศาสตร์","dentist.kku.ac.th"
"คณะวิศวกรรมศาสตร์","dentistry-eng.kku.ac.th"
"คณะทันตแพทยศาสตร์","dentistry.kku.ac.th"
"คณะทันตแพทยศาสตร์","dentpatho-digital.kku.ac.th"
"สำนักบริหารและพัฒนาวิชาการ","dev-tqf.kku.ac.th"
"กองเทคโนโลยีสารสนเทศ","digiclass-lms.kku.ac.th"
"กองเทคโนโลยีสารสนเทศ","digiclass.kku.ac.th"
"กองเทคโนโลยีสารสนเทศ","digital-signage.kku.ac.th"
"กองเทคโนโลยีสารสนเทศ","digital-training.kku.ac.th"
"กองเทคโนโลยีสารสนเทศ","digital.kku.ac.th"
"กองเทคโนโลยีสารสนเทศ","dms-dev.kku.ac.th"
"กองเทคโนโลยีสารสนเทศ","dms.kku.ac.th"
"กองเทคโนโลยีสารสนเทศ","dna.kku.ac.th"
"กองเทคโนโลยีสารสนเทศ","dns.kku.ac.th"
"กองเทคโนโลยีสารสนเทศ","docker-dev.kku.ac.th"
"กองเทคโนโลยีสารสนเทศ","docker-images.kku.ac.th"
"กองเทคโนโลยีสารสนเทศ","docker.kku.ac.th"
"กองเทคโนโลยีสารสนเทศ","docs.kku.ac.th"
"กองคลัง","donation.kku.ac.th"
"กองเทคโนโลยีสารสนเทศ","donationshop.kku.ac.th"
"กองเทคโนโลยีสารสนเทศ","donchangkhonkaen.kku.ac.th"
"กองเทคโนโลยีสารสนเทศ","dorm-booking.kku.ac.th"
"กองเทคโนโลยีสารสนเทศ","dorm-dev.kku.ac.th"
"กองเทคโนโลยีสารสนเทศ","dorm.kku.ac.th"
"คณะวิทยาศาสตร์","dp-diskstation.kku.ac.th"
"กองเทคโนโลยีสารสนเทศ","dpa-dev.kku.ac.th"
"กองเทคโนโลยีสารสนเทศ","dpa-ex.kku.ac.th"
"กองเทคโนโลยีสารสนเทศ","dpa-portal.kku.ac.th"
"กองเทคโนโลยีสารสนเทศ","dpa.kku.ac.th"
"กองเทคโนโลยีสารสนเทศ","dq.kku.ac.th"
"กองเทคโนโลยีสารสนเทศ","drive.kku.ac.th"
"กองเทคโนโลยีสารสนเทศ","drones.kku.ac.th"
"คณะสาธารณสุขศาสตร์","drph.kku.ac.th"
"กองเทคโนโลยีสารสนเทศ","dtoffice.kku.ac.th"
"คณะพยาบาลศาสตร์","e-learning.kku.ac.th"
"กองเทคโนโลยีสารสนเทศ","e-project.kku.ac.th"
"กองเทคโนโลยีสารสนเทศ","e-sar.kku.ac.th"
"กองเทคโนโลยีสารสนเทศ","east.kku.ac.th"
"กองคลัง","ebudget.kku.ac.th"
"กองเทคโนโลยีสารสนเทศ","ecert.kku.ac.th"
"กองทรัพยากรบุคคล","echr.kku.ac.th"
"กองเทคโนโลยีสารสนเทศ","eckku.kku.ac.th"
"คณะเศรษฐศาสตร์","econ.kku.ac.th"
"กองพัฒนานักศึกษาและศิษย์เก่าสัมพันธ์","econalumni.kku.ac.th"
"คณะเศรษฐศาสตร์","econcoaching.kku.ac.th"
"คณะเศรษฐศาสตร์","econmis.kku.ac.th"
"คณะเศรษฐศาสตร์","econoffice.kku.ac.th"
"กองเทคโนโลยีสารสนเทศ","ecti-con2024.kku.ac.th"
"คณะศึกษาศาสตร์","eddb.kku.ac.th"
"คณะศึกษาศาสตร์","edgkkuj.kku.ac.th"
"คณะศึกษาศาสตร์","edlearn.kku.ac.th"
"กองเทคโนโลยีสารสนเทศ","ednet.kku.ac.th"
"คณะศึกษาศาสตร์","edoffice.kku.ac.th"
"กองเทคโนโลยีสารสนเทศ","edrclinic.kku.ac.th"
"กองเทคโนโลยีสารสนเทศ","edresearch.kku.ac.th"
"คณะศึกษาศาสตร์","education.kku.ac.th"
"คณะบริหารธุรกิจและการบัญชี","edukkbs.kku.ac.th"
"คณะศึกษาศาสตร์","eduroam.kku.ac.th"
"คณะศึกษาศาสตร์","edux.kku.ac.th"
"คณะวิศวกรรมศาสตร์","eecon37.kku.ac.th"
"คณะวิศวกรรมศาสตร์","eestaff.kku.ac.th"
"คณะวิศวกรรมศาสตร์","eestud.kku.ac.th"
"กองเทคโนโลยีสารสนเทศ","eicourse.kku.ac.th"
"คณะบริหารธุรกิจและการบัญชี","ekkbs.kku.ac.th"
"คณะทันตแพทยศาสตร์","eleavedent.kku.ac.th"
"กองเทคโนโลยีสารสนเทศ","elec.kku.ac.th"
"กองเทคโนโลยีสารสนเทศ","em.kku.ac.th"
"กองเทคโนโลยีสารสนเทศ","employmentsurvey.kku.ac.th"
"สำนักหอสมุด","en-library.kku.ac.th"
"คณะวิศวกรรมศาสตร์","en.kku.ac.th"
"กองเทคโนโลยีสารสนเทศ","enbase.kku.ac.th"
"คณะวิศวกรรมศาสตร์","eng.kku.ac.th"
"คณะวิศวกรรมศาสตร์","engineer.kku.ac.th"
"คณะวิศวกรรมศาสตร์","english.li.kku.ac.th"
"คณะวิศวกรรมศาสตร์","englishservices.kku.ac.th"
"คณะวิศวกรรมศาสตร์","enit.kku.ac.th"
"กองเทคโนโลยีสารสนเทศ","ensan.kku.ac.th"
"กองเทคโนโลยีสารสนเทศ","ent.kku.ac.th"
"กองเทคโนโลยีสารสนเทศ","envi.kku.ac.th"
"กองเทคโนโลยีสารสนเทศ","eordering.kku.ac.th"
"กองเทคโนโลยีสารสนเทศ","epilepsy.kku.ac.th"
"วิทยาลัยการคอมพิวเตอร์","eproject.computing.kku.ac.th"
"คณะสาธารณสุขศาสตร์","ergoocare.kku.ac.th"
"กองเทคโนโลยีสารสนเทศ","erp-serv.kku.ac.th"
"กองเทคโนโลยีสารสนเทศ","erp.kku.ac.th"
"กองเทคโนโลยีสารสนเทศ","esap.kku.ac.th"
"กองเทคโนโลยีสารสนเทศ","essic.kku.ac.th"
"กองเทคโนโลยีสารสนเทศ","esswpark.kku.ac.th"
"กองเทคโนโลยีสารสนเทศ","etc.kku.ac.th"
"คณะทันตแพทยศาสตร์","ethicsdent.kku.ac.th"
"กองเทคโนโลยีสารสนเทศ","etraining.kku.ac.th"
"กองเทคโนโลยีสารสนเทศ","ex-lorawan.kku.ac.th"
"กองเทคโนโลยีสารสนเทศ","exam-a.kku.ac.th"
"กองเทคโนโลยีสารสนเทศ","exam-b.kku.ac.th"
"กองเทคโนโลยีสารสนเทศ","exam-c.kku.ac.th"
"กองเทคโนโลยีสารสนเทศ","exam-poc.kku.ac.th"
"กองเทคโนโลยีสารสนเทศ","exam.kku.ac.th"
"กองเทคโนโลยีสารสนเทศ","expert.kku.ac.th"
"คณะแพทยศาสตร์","eye.kku.ac.th"
"คณะศิลปกรรมศาสตร์","fa-theater.kku.ac.th"
"คณะศิลปกรรมศาสตร์","fa.kku.ac.th"
"คณะศิลปกรรมศาสตร์","fabook.kku.ac.th"
"คณะศิลปกรรมศาสตร์","fagallery.kku.ac.th"
"กองเทคโนโลยีสารสนเทศ","fahome.kku.ac.th"
"กองเทคโนโลยีสารสนเทศ","faq.kku.ac.th"
"คณะศิลปกรรมศาสตร์","far.kku.ac.th"
"กองเทคโนโลยีสารสนเทศ","faras.kku.ac.th"
"กองเทคโนโลยีสารสนเทศ","fb.kku.ac.th"
"กองเทคโนโลยีสารสนเทศ","feeic.kku.ac.th"
"กองเทคโนโลยีสารสนเทศ","file.canvas.kku.ac.th"
"กองเทคโนโลยีสารสนเทศ","file.trends.kku.ac.th"
"วิทยาลัยการคอมพิวเตอร์","fin.computing.kku.ac.th"
"กองคลัง","fin.kku.ac.th"
"กองคลัง","finance.kku.ac.th"
"กองคลัง","finweb.kku.ac.th"
"คณะวิศวกรรมศาสตร์","fix.enit.kku.ac.th"
"กองเทคโนโลยีสารสนเทศ","fmis.kku.ac.th"
"คณะพยาบาลศาสตร์","fon.kku.ac.th"
"กองเทคโนโลยีสารสนเทศ","foodtechqa.kku.ac.th"
"คณะวิทยาศาสตร์","forensicsc.kku.ac.th"
"บัณฑิตวิทยาลัย","forms.gs.kku.ac.th"
"กองทรัพยากรบุคคล","forms.hr.kku.ac.th"
"กองเทคโนโลยีสารสนเทศ","fortianalyzer.kku.ac.th"
"กองเทคโนโลยีสารสนเทศ","fortigate.kku.ac.th"
"วิทยาลัยการคอมพิวเตอร์","fs.computing.kku.ac.th"
"คณะสัตวแพทยศาสตร์","fvm.kku.ac.th"
"กองเทคโนโลยีสารสนเทศ","gad-dev.kku.ac.th"
"กองเทคโนโลยีสารสนเทศ","gad.kku.ac.th"
"กองเทคโนโลยีสารสนเทศ","gazette.kku.ac.th"
"กองเทคโนโลยีสารสนเทศ","gbp.kku.ac.th"
"กองเทคโนโลยีสารสนเทศ","ge-aol.kku.ac.th"
"คณะพยาบาลศาสตร์","ge-elearning.kku.ac.th"
"กองเทคโนโลยีสารสนเทศ","ge-exam.kku.ac.th"
"คณะวิศวกรรมศาสตร์","gear.kku.ac.th"
"กองเทคโนโลยีสารสนเทศ","gen.ai.kku.ac.th"
"คณะศึกษาศาสตร์","genedu.kku.ac.th"
"กองเทคโนโลยีสารสนเทศ","geocs.kku.ac.th"
"กองเทคโนโลยีสารสนเทศ","git.kku.ac.th"
"คณะมนุษยศาสตร์และสังคมศาสตร์","gradhuso.kku.ac.th"
"กองเทคโนโลยีสารสนเทศ","grafanasmf.kku.ac.th"
"กองเทคโนโลยีสารสนเทศ","graylog.kku.ac.th"
"กองเทคโนโลยีสารสนเทศ","green.kku.ac.th"
"กองเทคโนโลยีสารสนเทศ","groups.kku.ac.th"
"บัณฑิตวิทยาลัย","gs.kku.ac.th"
"คณะวิทยาศาสตร์","gs.sc.kku.ac.th"
"กองเทคโนโลยีสารสนเทศ","gsapp.kku.ac.th"
"กองเทคโนโลยีสารสนเทศ","gsauth.kku.ac.th"
"บัณฑิตวิทยาลัย","gsmis.gs.kku.ac.th"
"กองเทคโนโลยีสารสนเทศ","gsmis.kku.ac.th"
"กองเทคโนโลยีสารสนเทศ","gsoffice.kku.ac.th"
"กองเทคโนโลยีสารสนเทศ","gwri.kku.ac.th"
"กองเทคโนโลยีสารสนเทศ","hacc.kku.ac.th"
"คณะแพทยศาสตร์","healthy.kku.ac.th"
"คณะแพทยศาสตร์","heart.kku.ac.th"
"กองเทคโนโลยีสารสนเทศ","help.kku.ac.th"
"คณะเภสัชศาสตร์","herbalbank.kku.ac.th"
"กองเทคโนโลยีสารสนเทศ","home2.kku.ac.th"
"กองเทคโนโลยีสารสนเทศ","homeisolation.kku.ac.th"
"วิทยาลัยการคอมพิวเตอร์","hostcp.computing.kku.ac.th"
"กองเทคโนโลยีสารสนเทศ","hosting.kku.ac.th"
"คณะบริหารธุรกิจและการบัญชี","hotkkbs.kku.ac.th"
"กองเทคโนโลยีสารสนเทศ","hpc-a.kku.ac.th"
"กองเทคโนโลยีสารสนเทศ","hpc-b.kku.ac.th"
"กองเทคโนโลยีสารสนเทศ","hpc-c.kku.ac.th"
"กองเทคโนโลยีสารสนเทศ","hpc-f.kku.ac.th"
"กองเทคโนโลยีสารสนเทศ","hpc.kku.ac.th"
"กองทรัพยากรบุคคล","hr.kku.ac.th"
"กองทรัพยากรบุคคล","hr2.kku.ac.th"
"กองทรัพยากรบุคคล","hrbit.kku.ac.th"
"กองทรัพยากรบุคคล","hric.kku.ac.th"
"คณะมนุษยศาสตร์และสังคมศาสตร์","hs-aunqa.kku.ac.th"
"คณะมนุษยศาสตร์และสังคมศาสตร์","hs-cims-v2.kku.ac.th"
"คณะมนุษยศาสตร์และสังคมศาสตร์","hs-cims.kku.ac.th"
"คณะมนุษยศาสตร์และสังคมศาสตร์","hs-cooperative.kku.ac.th"
"คณะมนุษยศาสตร์และสังคมศาสตร์","hs-internship.kku.ac.th"
"คณะมนุษยศาสตร์และสังคมศาสตร์","hs-sarc.kku.ac.th"
"คณะมนุษยศาสตร์และสังคมศาสตร์","hs-service.kku.ac.th"
"คณะมนุษยศาสตร์และสังคมศาสตร์","hs.kku.ac.th"
"คณะมนุษยศาสตร์และสังคมศาสตร์","hsca.kku.ac.th"
"คณะมนุษยศาสตร์และสังคมศาสตร์","hscm.kku.ac.th"
"คณะพยาบาลศาสตร์","hselearning.kku.ac.th"
"คณะพยาบาลศาสตร์","hsintern.kku.ac.th"
"คณะมนุษยศาสตร์และสังคมศาสตร์","hsstc.kku.ac.th"
"คณะมนุษยศาสตร์และสังคมศาสตร์","hstv.kku.ac.th"
"คณะมนุษยศาสตร์และสังคมศาสตร์","huso.kku.ac.th"
"คณะมนุษยศาสตร์และสังคมศาสตร์","husoalumni.kku.ac.th"
"คณะมนุษยศาสตร์และสังคมศาสตร์","husodeptservice.kku.ac.th"
"คณะมนุษยศาสตร์และสังคมศาสตร์","husolc.kku.ac.th"
"กองเทคโนโลยีสารสนเทศ","i-legacy.kku.ac.th"
"กองเทคโนโลยีสารสนเทศ","i.kku.ac.th"
"กองเทคโนโลยีสารสนเทศ","ia.kku.ac.th"
"กองเทคโนโลยีสารสนเทศ","iacuc.kku.ac.th"
"กองเทคโนโลยีสารสนเทศ","iad.kku.ac.th"
"กองเทคโนโลยีสารสนเทศ","ibuilding.kku.ac.th"
"กองเทคโนโลยีสารสนเทศ","ic.kku.ac.th"
"กองเทคโนโลยีสารสนเทศ","icam.kku.ac.th"
"กองเทคโนโลยีสารสนเทศ","icead.kku.ac.th"
"กองเทคโนโลยีสารสนเทศ","icer.kku.ac.th"
"คณะมนุษยศาสตร์และสังคมศาสตร์","ichuso.kku.ac.th"
"กองเทคโนโลยีสารสนเทศ","icm.kku.ac.th"
"กองเทคโนโลยีสารสนเทศ","icop.kku.ac.th"
"กองเทคโนโลยีสารสนเทศ","idhub.kku.ac.th"
"กองเทคโนโลยีสารสนเทศ","idr.kku.ac.th"
"คณะวิศวกรรมศาสตร์","ie.en.kku.ac.th"
"กองเทคโนโลยีสารสนเทศ","igad.kku.ac.th"
"กองเทคโนโลยีสารสนเทศ","image.kku.ac.th"
"กองเทคโนโลยีสารสนเทศ","incbaa.kku.ac.th"
"คณะพยาบาลศาสตร์","infojournal.kku.ac.th"
"กองเทคโนโลยีสารสนเทศ","inforad.kku.ac.th"
"กองเทคโนโลยีสารสนเทศ","innoprise.kku.ac.th"
"คณะสหวิทยาการ มข. (หนองคาย)","insight-hub.is.kku.ac.th"
"คณะวิศวกรรมศาสตร์","intania.kku.ac.th"
"กองเทคโนโลยีสารสนเทศ","intech.kku.ac.th"
"คณะแพทยศาสตร์","intermed.kku.ac.th"
"คณะพยาบาลศาสตร์","internic.kku.ac.th"
"กองเทคโนโลยีสารสนเทศ","interservice.kku.ac.th"
"กองเทคโนโลยีสารสนเทศ","ip.kku.ac.th"
"กองเทคโนโลยีสารสนเทศ","ipa.hpc.kku.ac.th"
"กองเทคโนโลยีสารสนเทศ","ipmo-dev.kku.ac.th"
"กองเทคโนโลยีสารสนเทศ","irc.kku.ac.th"
"กองเทคโนโลยีสารสนเทศ","irdtpforasean.kku.ac.th"
"กองเทคโนโลยีสารสนเทศ","irdtponline.kku.ac.th"
"กองเทคโนโลยีสารสนเทศ","iris.kku.ac.th"
"กองเทคโนโลยีสารสนเทศ","irj.kku.ac.th"
"กองเทคโนโลยีสารสนเทศ","iro.kku.ac.th"
"คณะสหวิทยาการ มข. (หนองคาย)","is.kku.ac.th"
"กองเทคโนโลยีสารสนเทศ","isan.kku.ac.th"
"คณะเศรษฐศาสตร์","isaninsight.kku.ac.th"
"คณะมนุษยศาสตร์และสังคมศาสตร์","ischool.kku.ac.th"
"กองเทคโนโลยีสารสนเทศ","iskku.kku.ac.th"
"คณะพยาบาลศาสตร์","it-nurse.kku.ac.th"
"กองเทคโนโลยีสารสนเทศ","it.kku.ac.th"
"กองเทคโนโลยีสารสนเทศ","itals.kku.ac.th"
"กองเทคโนโลยีสารสนเทศ","jaders.kku.ac.th"
"กองเทคโนโลยีสารสนเทศ","jet02.kku.ac.th"
"กองเทคโนโลยีสารสนเทศ","jet05.kku.ac.th"
"กองเทคโนโลยีสารสนเทศ","jet06.kku.ac.th"
"กองเทคโนโลยีสารสนเทศ","jobs.kku.ac.th"
"กองเทคโนโลยีสารสนเทศ","jumpbox-b.kku.ac.th"
"กองเทคโนโลยีสารสนเทศ","kan.kku.ac.th"
"โรงเรียนสาธิตมหาวิทยาลัยขอนแก่น","kap1.kku.ac.th"
"กองเทคโนโลยีสารสนเทศ","kap2.kku.ac.th"
"กองเทคโนโลยีสารสนเทศ","kap3.kku.ac.th"
"กองเทคโนโลยีสารสนเทศ","kept-bank.kku.ac.th"
"กองเทคโนโลยีสารสนเทศ","kept-exam.kku.ac.th"
"กองเทคโนโลยีสารสนเทศ","kept.kku.ac.th"
"กองเทคโนโลยีสารสนเทศ","key.kku.ac.th"
"คณะแพทยศาสตร์","kidneyexcellence.kku.ac.th"
"กองเทคโนโลยีสารสนเทศ","kioskkan.kku.ac.th"
"คณะบริหารธุรกิจและการบัญชี","kkbs.kku.ac.th"
"คณะบริหารธุรกิจและการบัญชี","kkbs360.kku.ac.th"
"คณะบริหารธุรกิจและการบัญชี","kkbsalumni.kku.ac.th"
"คณะบริหารธุรกิจและการบัญชี","kkbsaol.kku.ac.th"
"คณะพยาบาลศาสตร์","kkbsjournal.kku.ac.th"
"คณะบริหารธุรกิจและการบัญชี","kkbskmspace.kku.ac.th"
"คณะบริหารธุรกิจและการบัญชี","kkbsmis.kku.ac.th"
"คณะบริหารธุรกิจและการบัญชี","kkbsrc.kku.ac.th"
"คณะบริหารธุรกิจและการบัญชี","kkbsregister.kku.ac.th"
"คณะบริหารธุรกิจและการบัญชี","kkbsrs.kku.ac.th"
"คณะบริหารธุรกิจและการบัญชี","kkbsx.kku.ac.th"
"กองเทคโนโลยีสารสนเทศ","kkim.kku.ac.th"
"กองเทคโนโลยีสารสนเทศ","kku.ac.th"
"กองเทคโนโลยีสารสนเทศ","kku1.kku.ac.th"
"กองเทคโนโลยีสารสนเทศ","kkuaelt.kku.ac.th"
"คณะวิทยาศาสตร์","kkubioresources.kku.ac.th"
"คณะแพทยศาสตร์","kkucleft.kku.ac.th"
"คณะแพทยศาสตร์","kkucleft2.kku.ac.th"
"คณะแพทยศาสตร์","kkucommed.kku.ac.th"
"กองเทคโนโลยีสารสนเทศ","kkucomoc.kku.ac.th"
"กองเทคโนโลยีสารสนเทศ","kkudatabase.kku.ac.th"
"กองเทคโนโลยีสารสนเทศ","kkueoffice.kku.ac.th"
"กองเทคโนโลยีสารสนเทศ","kkugolfclub.kku.ac.th"
"กองเทคโนโลยีสารสนเทศ","kkuiots.kku.ac.th"
"กองเทคโนโลยีสารสนเทศ","kkuline.kku.ac.th"
"กองบริหารงานวิชาการ","kkuoaa.kku.ac.th"
"คณะวิทยาศาสตร์","kkusci2.kku.ac.th"
"กองเทคโนโลยีสารสนเทศ","kkusp360.kku.ac.th"
"กองพัฒนานักศึกษาและศิษย์เก่าสัมพันธ์","kkusports.kku.ac.th"
"กองเทคโนโลยีสารสนเทศ","kkuweblogic.kku.ac.th"
"กองเทคโนโลยีสารสนเทศ","km.kku.ac.th"
"กองเทคโนโลยีสารสนเทศ","kpkg.kku.ac.th"
"กองเทคโนโลยีสารสนเทศ","kvac.kku.ac.th"
"กองเทคโนโลยีสารสนเทศ","l.kku.ac.th"
"คณะเกษตรศาสตร์","lampaofishfarmingsmf.kku.ac.th"
"คณะนิติศาสตร์","law-track.kku.ac.th"
"คณะนิติศาสตร์","law.kku.ac.th"
"คณะนิติศาสตร์","lawdivision.kku.ac.th"
"คณะนิติศาสตร์","lawlibrary.kku.ac.th"
"คณะพยาบาลศาสตร์","lc-nurse.kku.ac.th"
"คณะพยาบาลศาสตร์","learn.kku.ac.th"
"คณะศึกษาศาสตร์","learnup.kku.ac.th"
"กองเทคโนโลยีสารสนเทศ","legal-dev.kku.ac.th"
"กองเทคโนโลยีสารสนเทศ","legal.kku.ac.th"
"กองเทคโนโลยีสารสนเทศ","lfcrc.kku.ac.th"
"สถาบันภาษา","li.kku.ac.th"
"สำนักหอสมุด","lib-face.kku.ac.th"
"สำนักหอสมุด","lib.kku.ac.th"
"สำนักหอสมุด","libcs.kku.ac.th"
"สำนักหอสมุด","libcwg.kku.ac.th"
"สำนักหอสมุด","libdevices.kku.ac.th"
"สำนักหอสมุด","libebook.kku.ac.th"
"คณะวิทยาศาสตร์","libiot.kku.ac.th"
"คณะพยาบาลศาสตร์","liblearning.kku.ac.th"
"สำนักหอสมุด","library.kku.ac.th"
"สำนักหอสมุด","libroom.kku.ac.th"
"สำนักหอสมุด","libsso.kku.ac.th"
"กองเทคโนโลยีสารสนเทศ","life.kku.ac.th"
"กองบริหารงานวิชาการ","lifelong.kku.ac.th"
"บัณฑิตวิทยาลัย","lifeskills.gs.kku.ac.th"
"กองเทคโนโลยีสารสนเทศ","lis.kku.ac.th"
"กองบริหารงานวิชาการ","lms.academy.kku.ac.th"
"กองเทคโนโลยีสารสนเทศ","login.kku.ac.th"
"กองเทคโนโลยีสารสนเทศ","ltic-auth.kku.ac.th"
"กองเทคโนโลยีสารสนเทศ","ltic.kku.ac.th"
"กองเทคโนโลยีสารสนเทศ","m.kku.ac.th"
"กองเทคโนโลยีสารสนเทศ","mail.kku.ac.th"
"กองพัฒนานักศึกษาและศิษย์เก่าสัมพันธ์","marathon.kku.ac.th"
"กองเทคโนโลยีสารสนเทศ","market-dev.kku.ac.th"
"กองเทคโนโลยีสารสนเทศ","market.kku.ac.th"
"คณะวิทยาศาสตร์","matchem.kku.ac.th"
"คณะวิทยาศาสตร์","math.kku.ac.th"
"กองเทคโนโลยีสารสนเทศ","mba.kku.ac.th"
"กองเทคโนโลยีสารสนเทศ","mboard.kku.ac.th"
"คณะแพทยศาสตร์","md.kku.ac.th"
"คณะแพทยศาสตร์","md.redcap.kku.ac.th"
"คณะแพทยศาสตร์","mdeportfolio.kku.ac.th"
"คณะแพทยศาสตร์","mdi.kku.ac.th"
"คณะแพทยศาสตร์","mdkkustudent.kku.ac.th"
"คณะแพทยศาสตร์","mdplan-qa.kku.ac.th"
"คณะแพทยศาสตร์","mdresearch-ir.kku.ac.th"
"คณะแพทยศาสตร์","mdresearch.kku.ac.th"
"คณะวิศวกรรมศาสตร์","me.hr.kku.ac.th"
"คณะแพทยศาสตร์","medicalrecords.kku.ac.th"
"คณะแพทยศาสตร์","medres.kku.ac.th"
"กองเทคโนโลยีสารสนเทศ","meet.kku.ac.th"
"กองเทคโนโลยีสารสนเทศ","meeting-dev.kku.ac.th"
"คณะวิทยาศาสตร์","meeting-sciencepark.kku.ac.th"
"กองเทคโนโลยีสารสนเทศ","meeting.kku.ac.th"
"กองเทคโนโลยีสารสนเทศ","mehsri.kku.ac.th"
"กองเทคโนโลยีสารสนเทศ","metaradiator.kku.ac.th"
"คณะแพทยศาสตร์","mhealth.kku.ac.th"
"กองเทคโนโลยีสารสนเทศ","mirror.kku.ac.th"
"กองเทคโนโลยีสารสนเทศ","mis-dev.kku.ac.th"
"กองเทคโนโลยีสารสนเทศ","mis-pd.kku.ac.th"
"กองเทคโนโลยีสารสนเทศ","mis-pms.kku.ac.th"
"กองเทคโนโลยีสารสนเทศ","mis-pr.kku.ac.th"
"กองเทคโนโลยีสารสนเทศ","mis.kku.ac.th"
"กองเทคโนโลยีสารสนเทศ","mise.kku.ac.th"
"กองเทคโนโลยีสารสนเทศ","misora.kku.ac.th"
"กองเทคโนโลยีสารสนเทศ","misrad.kku.ac.th"
"กองเทคโนโลยีสารสนเทศ","mlc.kku.ac.th"
"กองเทคโนโลยีสารสนเทศ","morecare.kku.ac.th"
"กองเทคโนโลยีสารสนเทศ","mou.kku.ac.th"
"กองเทคโนโลยีสารสนเทศ","mqtt-io.kku.ac.th"
"กองเทคโนโลยีสารสนเทศ","museum.kku.ac.th"
"กองเทคโนโลยีสารสนเทศ","myaccess.kku.ac.th"
"กองเทคโนโลยีสารสนเทศ","mydispense.kku.ac.th"
"กองเทคโนโลยีสารสนเทศ","ncce19.kku.ac.th"
"กองเทคโนโลยีสารสนเทศ","nelac.kku.ac.th"
"กองเทคโนโลยีสารสนเทศ","neroc.kku.ac.th"
"สำนักบริหารและพัฒนาวิชาการ","netsat.kku.ac.th"
"กองเทคโนโลยีสารสนเทศ","network.kku.ac.th"
"กองเทคโนโลยีสารสนเทศ","neuro.kku.ac.th"
"คณะวิทยาศาสตร์","neurosci.kku.ac.th"
"กองเทคโนโลยีสารสนเทศ","nkc.kku.ac.th"
"กองเทคโนโลยีสารสนเทศ","nms.kku.ac.th"
"กองเทคโนโลยีสารสนเทศ","noc.kku.ac.th"
"กองเทคโนโลยีสารสนเทศ","nodered-px.kku.ac.th"
"กองเทคโนโลยีสารสนเทศ","nodered.kku.ac.th"
"กองเทคโนโลยีสารสนเทศ","nodered02.kku.ac.th"
"กองเทคโนโลยีสารสนเทศ","nodered03.kku.ac.th"
"กองเทคโนโลยีสารสนเทศ","nperf.kku.ac.th"
"กองเทคโนโลยีสารสนเทศ","ns0.kku.ac.th"
"กองเทคโนโลยีสารสนเทศ","ns2.kku.ac.th"
"กองเทคโนโลยีสารสนเทศ","ns4.kku.ac.th"
"คณะพยาบาลศาสตร์","nu-mis.kku.ac.th"
"คณะพยาบาลศาสตร์","nu.kku.ac.th"
"คณะพยาบาลศาสตร์","nubooking.kku.ac.th"
"คณะพยาบาลศาสตร์","nudorm.kku.ac.th"
"คณะวิศวกรรมศาสตร์","nueng.kku.ac.th"
"คณะพยาบาลศาสตร์","nurse.kku.ac.th"
"กองเทคโนโลยีสารสนเทศ","nzeb.kku.ac.th"
"กองเทคโนโลยีสารสนเทศ","o365.kku.ac.th"
"กองเทคโนโลยีสารสนเทศ","oauth.kku.ac.th"
"กองเทคโนโลยีสารสนเทศ","ocsb.kku.ac.th"
"กองเทคโนโลยีสารสนเทศ","oer.kku.ac.th"
"กองเทคโนโลยีสารสนเทศ","office.kku.ac.th"
"กองเทคโนโลยีสารสนเทศ","olympiad.kku.ac.th"
"กองเทคโนโลยีสารสนเทศ","om.kku.ac.th"
"กองเทคโนโลยีสารสนเทศ","one-search.kku.ac.th"
"กองเทคโนโลยีสารสนเทศ","op.kku.ac.th"
"กองเทคโนโลยีสารสนเทศ","opac-book-cover.kku.ac.th"
"กองเทคโนโลยีสารสนเทศ","open-data.kku.ac.th"
"กองเทคโนโลยีสารสนเทศ","opendata.kku.ac.th"
"กองเทคโนโลยีสารสนเทศ","openhouse.kku.ac.th"
"กองเทคโนโลยีสารสนเทศ","openproject.kku.ac.th"
"กองเทคโนโลยีสารสนเทศ","ora3.kku.ac.th"
"กองเทคโนโลยีสารสนเทศ","oripgis.kku.ac.th"
"กองเทคโนโลยีสารสนเทศ","ortho.kku.ac.th"
"กองเทคโนโลยีสารสนเทศ","ossdb.kku.ac.th"
"กองเทคโนโลยีสารสนเทศ","ost.kku.ac.th"
"คณะแพทยศาสตร์","osteo.kku.ac.th"
"กองเทคโนโลยีสารสนเทศ","outdoorsmf.kku.ac.th"
"กองเทคโนโลยีสารสนเทศ","packagist.kku.ac.th"
"กองเทคโนโลยีสารสนเทศ","pass.kku.ac.th"
"กองเทคโนโลยีสารสนเทศ","password.kku.ac.th"
"คณะทันตแพทยศาสตร์","pathodent.kku.ac.th"
"กองคลัง","payment-hub-uat.kku.ac.th"
"กองคลัง","payment-hub.kku.ac.th"
"กองคลัง","payment-web.kku.ac.th"
"คณะบริหารธุรกิจและการบัญชี","paymentkkbs.kku.ac.th"
"กองเทคโนโลยีสารสนเทศ","pboracle.kku.ac.th"
"กองเทคโนโลยีสารสนเทศ","pdp.kku.ac.th"
"คณะแพทยศาสตร์","ped-infect.kku.ac.th"
"คณะแพทยศาสตร์","pedmd.kku.ac.th"
"กองเทคโนโลยีสารสนเทศ","pep.kku.ac.th"
"กองเทคโนโลยีสารสนเทศ","personweb.kku.ac.th"
"คณะแพทยศาสตร์","petct.kku.ac.th"
"คณะสาธารณสุขศาสตร์","ph.kku.ac.th"
"คณะเภสัชศาสตร์","pharm.kku.ac.th"
"คณะเภสัชศาสตร์","pharmacology.kku.ac.th"
"คณะเภสัชศาสตร์","pharmacy.kku.ac.th"
"คณะเภสัชศาสตร์","pharmacycompetency.kku.ac.th"
"คณะเภสัชศาสตร์","pharmoffice.kku.ac.th"
"คณะสาธารณสุขศาสตร์","phdph.kku.ac.th"
"คณะสาธารณสุขศาสตร์","phgis.kku.ac.th"
"กองเทคโนโลยีสารสนเทศ","phkkudc.kku.ac.th"
"กองเทคโนโลยีสารสนเทศ","phonebook.kku.ac.th"
"กองเทคโนโลยีสารสนเทศ","phonedirectory.kku.ac.th"
"คณะวิทยาศาสตร์","physics.sc.kku.ac.th"
"กองเทคโนโลยีสารสนเทศ","plandata.kku.ac.th"
"กองเทคโนโลยีสารสนเทศ","planinfo.kku.ac.th"
"คณะแพทยศาสตร์","planning.md.kku.ac.th"
"กองเทคโนโลยีสารสนเทศ","plara.kku.ac.th"
"กองเทคโนโลยีสารสนเทศ","plurality.kku.ac.th"
"กองเทคโนโลยีสารสนเทศ","pme44.kku.ac.th"
"กองเทคโนโลยีสารสนเทศ","portal.kku.ac.th"
"กองเทคโนโลยีสารสนเทศ","ppm.kku.ac.th"
"กองเทคโนโลยีสารสนเทศ","print.kku.ac.th"
"กองเทคโนโลยีสารสนเทศ","private.kku.ac.th"
"กองเทคโนโลยีสารสนเทศ","procurement.kku.ac.th"
"กองเทคโนโลยีสารสนเทศ","profile.kku.ac.th"
"กองเทคโนโลยีสารสนเทศ","programkpi.kku.ac.th"
"กองเทคโนโลยีสารสนเทศ","projects.kku.ac.th"
"กองเทคโนโลยีสารสนเทศ","pst2024.kku.ac.th"
"กองเทคโนโลยีสารสนเทศ","pts.kku.ac.th"
"กองเทคโนโลยีสารสนเทศ","pub.kku.ac.th"
"กองเทคโนโลยีสารสนเทศ","public-api.kku.ac.th"
"กองเทคโนโลยีสารสนเทศ","qm.kku.ac.th"
"กองเทคโนโลยีสารสนเทศ","qnap-12tb.kku.ac.th"
"กองเทคโนโลยีสารสนเทศ","quota.kku.ac.th"
"กองเทคโนโลยีสารสนเทศ","rac-scan.kku.ac.th"
"กองเทคโนโลยีสารสนเทศ","rac1.kku.ac.th"
"กองเทคโนโลยีสารสนเทศ","rac2.kku.ac.th"
"กองเทคโนโลยีสารสนเทศ","race.kku.ac.th"
"กองเทคโนโลยีสารสนเทศ","rad.kku.ac.th"
"กองเทคโนโลยีสารสนเทศ","radio-streaming.kku.ac.th"
"กองเทคโนโลยีสารสนเทศ","radio.kku.ac.th"
"คณะแพทยศาสตร์","radiology.kku.ac.th"
"กองเทคโนโลยีสารสนเทศ","radiostreaming.kku.ac.th"
"กองเทคโนโลยีสารสนเทศ","rceid.kku.ac.th"
"กองเทคโนโลยีสารสนเทศ","rdttc.kku.ac.th"
"กองเทคโนโลยีสารสนเทศ","redcap2.kku.ac.th"
"สำนักหอสมุด","reflib.kku.ac.th"
"สำนักบริหารและพัฒนาวิชาการ","reg-admission.kku.ac.th"
"สำนักบริหารและพัฒนาวิชาการ","reg-api01.kku.ac.th"
"สำนักบริหารและพัฒนาวิชาการ","reg-ikku-portal-app.kku.ac.th"
"สำนักบริหารและพัฒนาวิชาการ","reg-mirror.kku.ac.th"
"คณะแพทยศาสตร์","reg-smd.kku.ac.th"
"สำนักบริหารและพัฒนาวิชาการ","reg.kku.ac.th"
"คณะศึกษาศาสตร์","reg.satit.kku.ac.th"
"สำนักบริหารและพัฒนาวิชาการ","reg1.kku.ac.th"
"สำนักบริหารและพัฒนาวิชาการ","reg2.kku.ac.th"
"สำนักบริหารและพัฒนาวิชาการ","reg4.kku.ac.th"
"สำนักบริหารและพัฒนาวิชาการ","reg6.kku.ac.th"
"สำนักบริหารและพัฒนาวิชาการ","reg7.kku.ac.th"
"สำนักบริหารและพัฒนาวิชาการ","reg9.kku.ac.th"
"สำนักบริหารและพัฒนาวิชาการ","registrar-api.kku.ac.th"
"สำนักบริหารและพัฒนาวิชาการ","registrar.kku.ac.th"
"สำนักบริหารและพัฒนาวิชาการ","regpms.kku.ac.th"
"กองเทคโนโลยีสารสนเทศ","repository.kku.ac.th"
"กองเทคโนโลยีสารสนเทศ","req.kku.ac.th"
"กองเทคโนโลยีสารสนเทศ","reqw.kku.ac.th"
"กองเทคโนโลยีสารสนเทศ","res.kku.ac.th"
"คณะทันตแพทยศาสตร์","research-dent.kku.ac.th"
"กองเทคโนโลยีสารสนเทศ","research.kku.ac.th"
"คณะเทคนิคการแพทย์","researchams.kku.ac.th"
"คณะแพทยศาสตร์","resmd.kku.ac.th"
"กองเทคโนโลยีสารสนเทศ","resource.kku.ac.th"
"กองเทคโนโลยีสารสนเทศ","rev-proxy-a.kku.ac.th"
"กองเทคโนโลยีสารสนเทศ","rev-proxy-b.kku.ac.th"
"กองเทคโนโลยีสารสนเทศ","rev-proxy-c.kku.ac.th"
"กองเทคโนโลยีสารสนเทศ","rev-proxy-c00.kku.ac.th"
"กองเทคโนโลยีสารสนเทศ","rev-proxy-c01.kku.ac.th"
"กองเทคโนโลยีสารสนเทศ","rev-proxy-c02.kku.ac.th"
"กองเทคโนโลยีสารสนเทศ","rev-proxy.kku.ac.th"
"กองเทคโนโลยีสารสนเทศ","rfidtrack.kku.ac.th"
"กองเทคโนโลยีสารสนเทศ","ric.kku.ac.th"
"กองเทคโนโลยีสารสนเทศ","ricoh-service.kku.ac.th"
"กองเทคโนโลยีสารสนเทศ","ricoh-staff.kku.ac.th"
"กองเทคโนโลยีสารสนเทศ","risned.kku.ac.th"
"คณะพยาบาลศาสตร์","rnd.kku.ac.th"
"กองเทคโนโลยีสารสนเทศ","room.kku.ac.th"
"คณะแพทยศาสตร์","rotc23md.kku.ac.th"
"คณะทันตแพทยศาสตร์","royalmobile-dent.kku.ac.th"
"กองเทคโนโลยีสารสนเทศ","rsdi.kku.ac.th"
"กองเทคโนโลยีสารสนเทศ","rsdimis.kku.ac.th"
"กองเทคโนโลยีสารสนเทศ","rsgis.kku.ac.th"
"กองเทคโนโลยีสารสนเทศ","rsia.kku.ac.th"
"กองเทคโนโลยีสารสนเทศ","rspgms.kku.ac.th"
"กองเทคโนโลยีสารสนเทศ","rustdesk.kku.ac.th"
"กองเทคโนโลยีสารสนเทศ","sac-old.kku.ac.th"
"กองเทคโนโลยีสารสนเทศ","sac.kku.ac.th"
"กองเทคโนโลยีสารสนเทศ","saml.kku.ac.th"
"กองเทคโนโลยีสารสนเทศ","sarcs.kku.ac.th"
"คณะศึกษาศาสตร์","satit.kku.ac.th"
"คณะศึกษาศาสตร์","satitlib.kku.ac.th"
"คณะศึกษาศาสตร์","satitmo.kku.ac.th"
"คณะศึกษาศาสตร์","satitnkc.kku.ac.th"
"คณะวิทยาศาสตร์","sc.kku.ac.th"
"กองเทคโนโลยีสารสนเทศ","sc2.kku.ac.th"
"กองเทคโนโลยีสารสนเทศ","sc3.kku.ac.th"
"กองเทคโนโลยีสารสนเทศ","sc4.kku.ac.th"
"กองเทคโนโลยีสารสนเทศ","sc5.kku.ac.th"
"คณะวิทยาศาสตร์","scdb2.kku.ac.th"
"กองเทคโนโลยีสารสนเทศ","scholar.kku.ac.th"
"กองเทคโนโลยีสารสนเทศ","scholarship.kku.ac.th"
"สำนักบริหารและพัฒนาวิชาการ","school.netsat.kku.ac.th"
"คณะวิทยาศาสตร์","sci.kku.ac.th"
"คณะวิทยาศาสตร์","scied.kku.ac.th"
"คณะวิทยาศาสตร์","science.kku.ac.th"
"คณะวิทยาศาสตร์","sciencepark.kku.ac.th"
"คณะวิทยาศาสตร์","sciseeit.kku.ac.th"
"คณะวิทยาศาสตร์","scius.kku.ac.th"
"กองเทคโนโลยีสารสนเทศ","sd.kku.ac.th"
"กองเทคโนโลยีสารสนเทศ","sdg.kku.ac.th"
"กองเทคโนโลยีสารสนเทศ","seas.kku.ac.th"
"สำนักบริหารและพัฒนาวิชาการ","secregis01.kku.ac.th"
"สำนักบริหารและพัฒนาวิชาการ","secregis02.kku.ac.th"
"สำนักบริหารและพัฒนาวิชาการ","secregis03.kku.ac.th"
"สำนักบริหารและพัฒนาวิชาการ","secregis04.kku.ac.th"
"สำนักบริหารและพัฒนาวิชาการ","secregis06.kku.ac.th"
"กองเทคโนโลยีสารสนเทศ","senate.kku.ac.th"
"กองเทคโนโลยีสารสนเทศ","sensors.kku.ac.th"
"กองเทคโนโลยีสารสนเทศ","sga.kku.ac.th"
"กองเทคโนโลยีสารสนเทศ","sgm.kku.ac.th"
"กองเทคโนโลยีสารสนเทศ","shop.kku.ac.th"
"กองเทคโนโลยีสารสนเทศ","signage.kku.ac.th"
"กองเทคโนโลยีสารสนเทศ","sites.kku.ac.th"
"กองเทคโนโลยีสารสนเทศ","skills-shelf.kku.ac.th"
"กองเทคโนโลยีสารสนเทศ","smart.nkc.kku.ac.th"
"กองเทคโนโลยีสารสนเทศ","smartbus.kku.ac.th"
"กองเทคโนโลยีสารสนเทศ","smartcity.kku.ac.th"
"คณะบริหารธุรกิจและการบัญชี","smartkkbs.kku.ac.th"
"คณะพยาบาลศาสตร์","smartlearning.kku.ac.th"
"กองเทคโนโลยีสารสนเทศ","smboardsmf.kku.ac.th"
"กองเทคโนโลยีสารสนเทศ","smcgis.kku.ac.th"
"คณะแพทยศาสตร์","smd.kku.ac.th"
"คณะแพทยศาสตร์","smdpd.kku.ac.th"
"คณะแพทยศาสตร์","smdreg.kku.ac.th"
"คณะแพทยศาสตร์","smdstudent.kku.ac.th"
"กองเทคโนโลยีสารสนเทศ","soda.cs.kku.ac.th"
"กองเทคโนโลยีสารสนเทศ","software.kku.ac.th"
"กองเทคโนโลยีสารสนเทศ","speedtest.kku.ac.th"
"กองพัฒนานักศึกษาและศิษย์เก่าสัมพันธ์","sports.kku.ac.th"
"คณะแพทยศาสตร์","srinagarind.md.kku.ac.th"
"กองเทคโนโลยีสารสนเทศ","srithan.kku.ac.th"
"กองเทคโนโลยีสารสนเทศ","sso-admin.kku.ac.th"
"กองเทคโนโลยีสารสนเทศ","sso-api.kku.ac.th"
"กองเทคโนโลยีสารสนเทศ","sso-dev.kku.ac.th"
"กองเทคโนโลยีสารสนเทศ","sso-uat-web.kku.ac.th"
"กองเทคโนโลยีสารสนเทศ","sso.kku.ac.th"
"กองเทคโนโลยีสารสนเทศ","ssoc.kku.ac.th"
"กองเทคโนโลยีสารสนเทศ","ssonext-api.kku.ac.th"
"กองเทคโนโลยีสารสนเทศ","ssonext.kku.ac.th"
"กองเทคโนโลยีสารสนเทศ","stadiumrepair.kku.ac.th"
"คณะวิศวกรรมศาสตร์","staff8.en.kku.ac.th"
"กองเทคโนโลยีสารสนเทศ","standardprice.kku.ac.th"
"คณะวิทยาศาสตร์","static.kku.ac.th"
"กองเทคโนโลยีสารสนเทศ","std-acct.kku.ac.th"
"กองเทคโนโลยีสารสนเทศ","stdloan.kku.ac.th"
"กองเทคโนโลยีสารสนเทศ","stdvote.kku.ac.th"
"คณะบริหารธุรกิจและการบัญชี","stockkkbs.kku.ac.th"
"กองเทคโนโลยีสารสนเทศ","storage-legacy.kku.ac.th"
"กองเทคโนโลยีสารสนเทศ","storage.kku.ac.th"
"กองเทคโนโลยีสารสนเทศ","strategy.kku.ac.th"
"กองเทคโนโลยีสารสนเทศ","sts.kku.ac.th"
"กองเทคโนโลยีสารสนเทศ","ststh.kku.ac.th"
"กองเทคโนโลยีสารสนเทศ","stt29.kku.ac.th"
"คณะทันตแพทยศาสตร์","student.admissions.kku.ac.th"
"คณะทันตแพทยศาสตร์","student.netsat.kku.ac.th"
"คณะทันตแพทยศาสตร์","studentloan.kku.ac.th"
"กองบริหารงานวิชาการ","studio.academy.kku.ac.th"
"กองเทคโนโลยีสารสนเทศ","sugarcane.kku.ac.th"
"กองเทคโนโลยีสารสนเทศ","sumoacuc.kku.ac.th"
"กองเทคโนโลยีสารสนเทศ","tac.kku.ac.th"
"กองเทคโนโลยีสารสนเทศ","tasks.kku.ac.th"
"กองเทคโนโลยีสารสนเทศ","tcsd.kku.ac.th"
"กองเทคโนโลยีสารสนเทศ","tdr-con.kku.ac.th"
"กองเทคโนโลยีสารสนเทศ","tdr.kku.ac.th"
"คณะเทคโนโลยี","te.kku.ac.th"
"กองเทคโนโลยีสารสนเทศ","temp.kku.ac.th"
"กองเทคโนโลยีสารสนเทศ","test-bookish.kku.ac.th"
"กองเทคโนโลยีสารสนเทศ","th-jp-asean-bridges.kku.ac.th"
"กองเทคโนโลยีสารสนเทศ","th.kku.ac.th"
"กองเทคโนโลยีสารสนเทศ","thairicestarch.kku.ac.th"
"กองเทคโนโลยีสารสนเทศ","thalassemia.kku.ac.th"
"กองเทคโนโลยีสารสนเทศ","ticket.kku.ac.th"
"กองเทคโนโลยีสารสนเทศ","time.kku.ac.th"
"กองเทคโนโลยีสารสนเทศ","timetable.kku.ac.th"
"กองเทคโนโลยีสารสนเทศ","timetabledb.kku.ac.th"
"กองเทคโนโลยีสารสนเทศ","timetrack-dev.kku.ac.th"
"กองเทคโนโลยีสารสนเทศ","timetrack.kku.ac.th"
"กองเทคโนโลยีสารสนเทศ","tlo.kku.ac.th"
"กองเทคโนโลยีสารสนเทศ","toeic.kku.ac.th"
"สำนักบริหารและพัฒนาวิชาการ","tqf-demo.kku.ac.th"
"สำนักบริหารและพัฒนาวิชาการ","tqf.kku.ac.th"
"กองเทคโนโลยีสารสนเทศ","trainuac.kku.ac.th"
"กองเทคโนโลยีสารสนเทศ","tree.kku.ac.th"
"กองเทคโนโลยีสารสนเทศ","trends.kku.ac.th"
"กองเทคโนโลยีสารสนเทศ","tsa.kku.ac.th"
"กองเทคโนโลยีสารสนเทศ","twc-office.kku.ac.th"
"กองเทคโนโลยีสารสนเทศ","uac.kku.ac.th"
"กองเทคโนโลยีสารสนเทศ","uglyveggies.kku.ac.th"
"กองเทคโนโลยีสารสนเทศ","ui.kku.ac.th"
"กองเทคโนโลยีสารสนเทศ","unera-net.kku.ac.th"
"กองเทคโนโลยีสารสนเทศ","unicad.kku.ac.th"
"กองคลัง","unipay-dev.kku.ac.th"
"กองคลัง","unipay.kku.ac.th"
"กองเทคโนโลยีสารสนเทศ","unknown"
"กองเทคโนโลยีสารสนเทศ","uptime-mon.kku.ac.th"
"กองเทคโนโลยีสารสนเทศ","urp.kku.ac.th"
"กองเทคโนโลยีสารสนเทศ","user06.kku.ac.th"
"กองเทคโนโลยีสารสนเทศ","user07.kku.ac.th"
"กองเทคโนโลยีสารสนเทศ","user09.kku.ac.th"
"กองเทคโนโลยีสารสนเทศ","user10.kku.ac.th"
"กองเทคโนโลยีสารสนเทศ","user11.kku.ac.th"
"กองเทคโนโลยีสารสนเทศ","uvolt.kku.ac.th"
"กองเทคโนโลยีสารสนเทศ","v360.kku.ac.th"
"คณะแพทยศาสตร์","vaccine.kku.ac.th"
"กองเทคโนโลยีสารสนเทศ","vajaapi.cs.kku.ac.th"
"กองเทคโนโลยีสารสนเทศ","validate.kku.ac.th"
"กองเทคโนโลยีสารสนเทศ","validation.kku.ac.th"
"กองเทคโนโลยีสารสนเทศ","vallaris.kku.ac.th"
"กองบริหารงานวิชาการ","vcenter-acad.kku.ac.th"
"กองเทคโนโลยีสารสนเทศ","vcenter-bit.kku.ac.th"
"กองเทคโนโลยีสารสนเทศ","vcenter-cc.kku.ac.th"
"กองเทคโนโลยีสารสนเทศ","vcenter-cc2.kku.ac.th"
"กองเทคโนโลยีสารสนเทศ","vcenter-coe.kku.ac.th"
"คณะสัตวแพทยศาสตร์","vet.kku.ac.th"
"กองเทคโนโลยีสารสนเทศ","vimut.kku.ac.th"
"กองเทคโนโลยีสารสนเทศ","vimut2.kku.ac.th"
"กองเทคโนโลยีสารสนเทศ","vimut3.kku.ac.th"
"กองเทคโนโลยีสารสนเทศ","visitkhonkaen.kku.ac.th"
"คณะมนุษยศาสตร์และสังคมศาสตร์","visityasothon.kku.ac.th"
"กองเทคโนโลยีสารสนเทศ","vlmcs2.kku.ac.th"
"กองเทคโนโลยีสารสนเทศ","vm.kku.ac.th"
"คณะสัตวแพทยศาสตร์","vmkku.kku.ac.th"
"คณะสัตวแพทยศาสตร์","vmmis.kku.ac.th"
"กองเทคโนโลยีสารสนเทศ","vpn-portal.kku.ac.th"
"คณะวิศวกรรมศาสตร์","vpn.enit.kku.ac.th"
"กองเทคโนโลยีสารสนเทศ","vpn.kku.ac.th"
"กองเทคโนโลยีสารสนเทศ","vultr-01.kku.ac.th"
"กองเทคโนโลยีสารสนเทศ","we.kku.ac.th"
"กองเทคโนโลยีสารสนเทศ","weather.kku.ac.th"
"กองเทคโนโลยีสารสนเทศ","web.kku.ac.th"
"คณะแพทยศาสตร์","webappqshc.kku.ac.th"
"กองเทคโนโลยีสารสนเทศ","webgps.kku.ac.th"
"กองเทคโนโลยีสารสนเทศ","webmail.kku.ac.th"
"กองเทคโนโลยีสารสนเทศ","wesd.kku.ac.th"
"กองเทคโนโลยีสารสนเทศ","workplace.kku.ac.th"
"กองเทคโนโลยีสารสนเทศ","www2.kku.ac.th"
"กองเทคโนโลยีสารสนเทศ","wwwsc.kku.ac.th"
"กองเทคโนโลยีสารสนเทศ","x.kku.ac.th"
"กองเทคโนโลยีสารสนเทศ","ztna.kku.ac.th"